Write Type,Global Time,Logical Clock Time,Message,Message Queue Length,Sender,2.0
2,1678295807.326463,1,-1,-1,-1
3,1678295807.830284,2,-1,-1,-1
4,1678295808.3355892,3,-1,-1,-1
5,1678295808.839232,4,-1,-1,-1
